<?xml version="1.0" encoding="UTF8"?>
<beans xmlns="http://www.springframework.org/schema/beans"
       xmlns:xsi="http://www.w3.org/2001/XMLSchema-instance"
       xsi:schemaLocation="http://www.springframework.org/schema/beans
       http://www.springframework.org/schema/beans/spring-beans.xsd">

    <bean id="address" class="cn.edu.xidian.domain.Address">
        <property name="str" value="yanta"/>
    </bean>
    <bean id="student" class="cn.edu.xidian.domain.Student" scope="prototype">
        <!--普通注入:value-->
        <property name="name" value="ligen"/>
        <!--bean注入:ref-->
        <property name="address" ref="address"/>

        <!--数组注入-->
        <property name="books">
            <array>
                <value>红楼梦</value>
                <value>水浒传</value>
                <value>西游戏</value>
                <value>三国演义</value>
            </array>
        </property>

        <!--list注入-->
        <property name="hobbies">
            <list>
                <value>码代码</value>
                <value>打游戏</value>
            </list>
        </property>

        <!--map注入-->
        <property name="card">
            <map>
                <entry key="ligen" value="xidian"/>
            </map>
        </property>

        <!--set注入-->
        <property name="games">
            <set>
                <value>The Witcher</value>
                <value>Diablo II</value>
            </set>
        </property>

        <!--properties注入-->
        <property name="info">
            <props>
                <prop key="学号">20031221723</prop>
            </props>
        </property>

    </bean>
</beans>