<?xml version="1.0" encoding="UTF-8" ?>
<!DOCTYPE mapper
        PUBLIC "-//mybatis.org//DTD Config 3.0//EN"
        "http://mybatis.org/dtd/mybatis-3-mapper.dtd">
<mapper namespace="cn.edu.xidian.dao.BookMapper">
        <insert id="addBooks" parameterType="Books">
                INSERT INTO spring.books(book_id, book_name, book_nums, book_detail)
                VALUES (#{book_id},#{book_name},#{book_nums},#{book_detail});
        </insert>

        <delete id="deleteBookById" parameterType="int">
                DELETE FROM spring.books WHERE book_id = #{book_id};
        </delete>

        <update id="updateBooks" parameterType="Books">
                UPDATE spring.books
                SET book_name = #{book_name},book_nums=#{book_nums},book_detail=#{book_detail}
                WHERE book_id = #{book_id};
        </update>

        <select id="queryBookById" parameterType="int" resultType="Books">
                SELECT book_id,book_name,book_nums,book_detail
                FROM spring.books WHERE book_id = #{book_id};
        </select>

        <select id="queryBooks" resultType="Books">
                SELECT book_id,book_name,book_nums,book_detail FROM spring.books;
        </select>

        <select id="searchBookByName" resultType="Books" parameterType="String">
                SELECT book_id,book_name,book_nums,book_detail FROM spring.books WHERE book_name=#{book_name};
        </select>

</mapper>