<?xml version="1.0" encoding="UTF8"?>
<beans xmlns="http://www.springframework.org/schema/beans"
       xmlns:xsi="http://www.w3.org/2001/XMLSchema-instance"
       xmlns:context="http://www.springframework.org/schema/context"
       xsi:schemaLocation="http://www.springframework.org/schema/beans http://www.springframework.org/schema/beans/spring-beans.xsd http://www.springframework.org/schema/context https://www.springframework.org/schema/context/spring-context.xsd">

<!--    1.关联数据库配置文件-->
    <context:property-placeholder location="classpath:database.properties"/>
<!--    2.连接池-->
<!--    spring原生连接池org.springframework.jdbc.datasource.DriverManagerDataSource-->
    <bean id="dataSource" class="com.mchange.v2.c3p0.ComboPooledDataSource">
        <property name="driverClass" value="${jdbc.driver}"/>
        <property name="jdbcUrl" value="${jdbc.url}"/>
        <property name="user" value="${jdbc.username}"/>
        <property name="password" value="${jdbc.password}"/>
    </bean>

<!--    3.sqlSessionFactory-->
    <bean id="sqlSessionFactory" class="org.mybatis.spring.SqlSessionFactoryBean">
        <property name="dataSource" ref="dataSource"/>
<!--        绑定mybatis配置文件-->
        <property name="configLocation" value="classpath:mybatis-config.xml"/>
    </bean>

<!--    4.配置dao接口扫描包，动态实现dao接口注入到容器中-->
    <bean class="org.mybatis.spring.mapper.MapperScannerConfigurer">
<!--        value值和上面相同，就会动态将上面加载到下面来-->
        <property name="sqlSessionFactoryBeanName" value="sqlSessionFactory"/>
<!--        扫描dao接口-->
        <property name="basePackage" value="cn.edu.xidian.dao"/>
    </bean>
</beans>