<?xml version="1.0" encoding="UTF-8" ?>
<!DOCTYPE mapper
        PUBLIC "-//mybatis.org//DTD Mapper 3.0//EN"
        "http://mybatis.org/dtd/mybatis-3-mapper.dtd">
<mapper namespace="com.edu.ligen.nowcoder.dao.CommentMapper">

    <sql id="selectFields">
        id,user_id,entity_type,entity_id,target_id,content,status,create_time
    </sql>

    <sql id="insertFields">
        user_id,entity_type,entity_id,target_id,content,status,create_time
    </sql>

    <select id="selectCommentsByEntity" resultType="Comment">
        select <include refid="selectFields"></include>
        from comment
        where status=0
        <choose>
            <when test="entityType==3">
                and entity_type = 1
                and user_id = #{entityId}
            </when>
            <when test="entityType!=3">
                and entity_type = #{entityType}
                and entity_id = #{entityId}
            </when>
        </choose>
        order by create_time asc
        limit #{offset},#{limit};
    </select>

    <select id="selectCommentRows" resultType="int">
        select COUNT(id)
        from comment
        where status=0
          <choose>
              <when test="entityType==3">
                  and entity_type = 1
                  and user_id = #{entityId}
              </when>
              <when test="entityType!=3">
                  and entity_type = #{entityType}
                  and entity_id = #{entityId}
              </when>
          </choose>

    </select>

    <insert id="insertComment">
        insert into comment(<include refid="insertFields"></include> )
        values(#{userId},#{entityType},#{entityId},#{targetId},#{content},#{status},#{createTime});
    </insert>

    <select id="selectCommentById" resultType="Comment">
        select <include refid="selectFields"/> from comment where id = #{id}
    </select>

</mapper>