<?xml version="1.0" encoding="UTF-8" ?>
<!DOCTYPE mapper
        PUBLIC "-//mybatis.org//DTD Mapper 3.0//EN"
        "http://mybatis.org/dtd/mybatis-3-mapper.dtd">
<mapper namespace="com.edu.ligen.nowcoder.dao.DiscussPostMapper">

    <sql id="selectFields">
        id,user_id,title,content,type,status,create_time,comment_count,score
    </sql>

    <sql id="insertFields">
        user_id,title,content,type,status,create_time,comment_count,score
    </sql>

    <select id="selectDiscussPosts" resultType="com.edu.ligen.nowcoder.entity.DiscussPost">
        select <include refid="selectFields"></include>
        from discuss_post
        where status!=2
        <if test="userId!=0">
            and user_id = #{userId}
        </if>
        order by type desc,
        <if test="orderMode==1">
            score desc,
        </if>
        create_time desc
        limit #{offset},#{limit}
    </select>

    <select id="selectDiscussPost" resultType="com.edu.ligen.nowcoder.entity.DiscussPost">
        select <include refid="selectFields"></include>
        from discuss_post
        where id = #{id}
    </select>

    <select id="selectDiscussPostRows" resultType="int">
        select COUNT(id) from discuss_post
        where status!=2
        <if test="userId!=0">
            and user_id=#{userId}
        </if>
    </select>

    <insert id="insertDiscussPost" parameterType="DiscussPost" keyProperty="id">
        insert into discuss_post (<include refid="insertFields"></include>)
        value (#{userId},#{title},#{content},#{type},#{status},#{createTime},#{commentCount},#{score});
    </insert>

    <update id="updateCommentCount" >
        update discuss_post set comment_count = #{commentCount} where id = #{id}
    </update>

    <update id="updateType">
        update discuss_post set type = #{type} where id = #{id}
    </update>

    <update id="updateStatus">
        update discuss_post set status = #{status} where id = #{id}
    </update>

    <update id="updateScore">
        update discuss_post set score = #{score} where id = #{id}
    </update>

</mapper>