<?xml version="1.0" encoding="UTF8"?>
<beans xmlns="http://www.springframework.org/schema/beans"
       xmlns:xsi="http://www.w3.org/2001/XMLSchema-instance"
       xmlns:aop="http://www.springframework.org/schema/aop"
       xmlns:tx="http://www.springframework.org/schema/tx"
       xsi:schemaLocation="http://www.springframework.org/schema/beans
       http://www.springframework.org/schema/beans/spring-beans.xsd
       http://www.springframework.org/schema/aop
       http://www.springframework.org/schema/aop/spring-aop.xsd
       http://www.springframework.org/schema/tx
       http://www.springframework.org/schema/tx/spring-tx.xsd">


<!--    DataSource:使用spring的数据源替换mybatis的配置
我们这里使用spring提供的jdbc  spring-jdbc jar包-->
    <bean id="dataSource" class="org.springframework.jdbc.datasource.DriverManagerDataSource">
        <property name="driverClassName" value="com.mysql.cj.jdbc.Driver"/>
        <property name="url" value="jdbc:mysql://localhost:3306/spring?useUnicode=true&amp;characterEncoding=utf8&amp;serverTimezone=GMT"/>
        <property name="username" value="root"/>
        <property name="password" value="150621"/>
    </bean>

<!--    SqlSessionFactory-->
    <bean id="sqlSessionFactory" class="org.mybatis.spring.SqlSessionFactoryBean">
        <!--这里ref引用的就是上面配置好的数据源-->
        <property name="dataSource" ref="dataSource"/>
<!--        绑定mybatis配置文件,这里可以配置全部的mybatis配置文件中的设置-->
        <property name="configLocation" value="classpath:mybatis-config.xml"/>
        <property name="mapperLocations" value="classpath:cn/edu/xidian/mapper/*.xml"/>
    </bean>

<!--    这个模板类就是mybatis中的sqlSession-->
    <bean id="sqlSession" class="org.mybatis.spring.SqlSessionTemplate">
<!--        只能使用构造器注入sqlSessionFactory，因为没有set方法-->
        <constructor-arg index="0" ref="sqlSessionFactory"/>
    </bean>

    <bean id="userMapper" class="cn.edu.xidian.mapper.UserMapperImpl">
        <property name="sqlSession" ref="sqlSession"/>
    </bean>

    <bean id="userMapper2" class="cn.edu.xidian.mapper.UserMapperImpl2">
        <property name="sqlSessionFactory" ref="sqlSessionFactory"/>
    </bean>

<!--    结合aop进行事务织入-->
    <tx:advice id="txAdvice" transaction-manager="transactionManager">
<!--        给指定方法配置事务-->
        <tx:attributes>
            <tx:method name="add"/>
            <tx:method name="delete"/>
            <tx:method name="update"/>
        </tx:attributes>
    </tx:advice>

<!--    事务注入-->
    <aop:config>
        <aop:pointcut id="txPointCut" expression="execution(*  cn.edu.xidian.mapper.*.*(..))"/>
        <aop:advisor advice-ref="txAdvice" pointcut-ref="txPointCut"/>
    </aop:config>
</beans>
