<?xml version="1.0" encoding="UTF8" ?>
<!DOCTYPE configuration
        PUBLIC "-//mybatis.org//DTD Config 3.0//EN"
        "http://mybatis.org/dtd/mybatis-3-config.dtd">
<configuration>
    <typeAliases>
        <package name="cn.edu.xidian.domain"/>
    </typeAliases>
    
    <environments default="development">
        <environment id="development">
            <transactionManager type="JDBC"/>
            <dataSource type="POOLED">
                <property name="driver" value="com.mysql.cj.jdbc.Driver"/>
                <property name="url" value="jdbc:mysql://localhost:3306/spring?useUnicode=true&amp;characterEncoding=utf8&amp;serverTimezone=GMT"/>
                <property name="username" value="root"/>
                <property name="password" value="150621"/>
            </dataSource>
        </environment>
    </environments>
    <mappers>
        <mapper class="cn.edu.xidian.mapper.UserMapper"/>
        <mapper resource="cn/edu/xidian/mapper/UserMapper.xml"/>
    </mappers>
</configuration>