<?xml version="1.0" encoding="UTF8"?>
<beans xmlns="http://www.springframework.org/schema/beans"
       xmlns:xsi="http://www.w3.org/2001/XMLSchema-instance"
       xmlns:aop="http://www.springframework.org/schema/aop"
       xsi:schemaLocation="http://www.springframework.org/schema/beans
       http://www.springframework.org/schema/beans/spring-beans.xsd
       http://www.springframework.org/schema/aop
       http://www.springframework.org/schema/aop/spring-aop.xsd">

    <!--注册bean-->
    <bean id="userService" class="cn.edu.xidian.service.UserServiceImpl"/>
    <bean id="beforeLog" class="cn.edu.xidian.log.BeforeLog"/>
    <bean id="afterLog" class="cn.edu.xidian.log.AfterLog"/>

    <bean id="LogClass" class="cn.edu.xidian.log.LogClass"/>


<!--&lt;!&ndash;    方式一：spring api方式&ndash;&gt;-->
<!--    &lt;!&ndash;配置aop&ndash;&gt;-->
<!--    <aop:config>-->
<!--    &lt;!&ndash;        切入点：expression：表达式 execution&ndash;&gt;-->
<!--    &lt;!&ndash;        执行UserServiceImpl类下的所有方法&ndash;&gt;-->
<!--    &lt;!&ndash;        (..)代表可以有参数&ndash;&gt;-->
<!--        <aop:pointcut id="pointcut1" expression="execution(* cn.edu.xidian.service.UserServiceImpl.* (..))"/>-->

<!--    &lt;!&ndash;        执行环绕增强&ndash;&gt;-->
<!--        <aop:advisor advice-ref="beforeLog" pointcut-ref="pointcut1"/>-->
<!--        <aop:advisor advice-ref="afterLog" pointcut-ref="pointcut1"/>-->
<!--    </aop:config>-->


<!--    方式二：自定义的前置类和后置类-->
    <aop:config>
<!--        ref:要引用的类-->
        <aop:aspect ref="LogClass">
<!--            切入点-->
            <aop:pointcut id="pointcut1" expression="execution(* cn.edu.xidian.service.UserServiceImpl.* (..))"/>
<!--            增强-->
            <aop:before method="before" pointcut-ref="pointcut1"/>
            <aop:after method="after" pointcut-ref="pointcut1"/>
        </aop:aspect>
    </aop:config>
</beans>